Name,Language,Kind,StartAddr,EndAddr
sdk/crt0,asm,text,0x00100008,0x001000b7
bx/input/padcache,cpp,text,0x001821b8,0x00182977
bx/input/ps2pad,cpp,text,0x001829e0,0x001834ef
real/realfile/ps2/cddrv,c,text,0x0018b010,0x0018bfdf
bx/mem/blockman,cpp,text,0x00210580,0x00210927
bx/util/huffread,cpp,text,0x002135d0,0x0021425f
bx/util/huffabout,cpp,text,0x00214260,0x00214397
snd/cmn/ssysreal,c,text,0x00224cc8,0x00224d3f
snd/cmn/sclnt100,c,text,0x002250f0,0x00225217
snd/cmn/smemman,c,text,0x00225218,0x0022552f
snd/cmn/sbadd,c,text,0x00225530,0x0022578f
snd/cmn/sbremove,c,text,0x00225790,0x00225957
snd/cmn/sbvalid,c,text,0x00225958,0x002259a7
snd/cmn/sbhdrsze,c,text,0x002259a8,0x002259df
snd/cmn/sbhdrcpy,c,text,0x002259e0,0x00225a6f
snd/cmn/sresopat,c,text,0x00225b30,0x00225baf
snd/cmn/sst,c,text,0x00225c68,0x002272cf
snd/cmn/sstovrhd,c,text,0x002272d0,0x0022735f
snd/cmn/sststat,c,text,0x00227360,0x00227427
snd/ps2/smemcpy,asm,text,0x0022d7d0,0x0022d8c7
snd/ps2/smemzero,asm,text,0x0022d8c8,0x0022d99f
real/realfont/cmn/ustrcore,c,text,0x00234290,0x002345df
real/realfont/cmn/ustrspf,c,text,0x002345e0,0x00234dbf
real/realfont/cmn/loccore,c,text,0x00234dc0,0x00234f07
real/realcore/ps2/inittmr,c,text,0x00234f08,0x0023562f
real/realfile/cmn/hlafile,c,text,0x00235630,0x0023636f
real/realcore/unpack,c,text,0x00236370,0x002366bf
real/realfile/hlsfile,c,text,0x002366c0,0x00236f9f
real/realfile/cmn/loadpack,c,text,0x00236fa0,0x002373a7
real/realfile/ps2/filesys,c,text,0x00237ae8,0x0023989f
real/realfile/cmn/locatbig,c,text,0x002398a0,0x00239e9f
real/realfile/cmn/syncfile,c,text,0x00239ea0,0x0023a3ff
real/realmem/cmn/galloc,c,text,0x0023a400,0x0023a447
real/realcore/cmn/memclass,c,text,0x0023ac98,0x0023b1c7
real/realcore/cmn/meminit,c,text,0x0023b1c8,0x0023b45f
real/realcore/cmn/memstd,c,text,0x0023b460,0x0023b4d7
real/realcore/cmn/memvalid,c,text,0x0023b4d8,0x0023b8c7
real/realcore/cmn/blkfill,c,text,0x0023b8c8,0x0023b923
real/realcore/ps2/crc,asm,text,0x0023b924,0x0023b9eb
real/realcore/ps2/getm,asm,text,0x0023b9ec,0x0023babf
real/realmem/ps2/memcopy,asm,text,0x0023bac0,0x0023bbcf
real/realmem/ps2/memfill,asm,text,0x0023bbd0,0x0023bccf
real/realmem/cmn/memmove,c,text,0x0023bcd0,0x0023bd3f
real/realcore/cmn/validadr,c,text,0x0023bfe8,0x0023bfef
real/realgraph/cmn/locatshp,c,text,0x0023bff0,0x0023c11a
real/realgraph/ps2/shpsubs,asm,text,0x0023c11c,0x0023c18f
real/realfile/cmn/stream,c,text,0x0023c190,0x0023dbcf
real/realcore/cmn/exit,c,text,0x0023e4e0,0x0023e5ff
real/realcore/cmn/systask,c,text,0x0023e608,0x0023e85f
real/realcore/ps2/threads,c,text,0x0023e860,0x0023ef0f
real/realcore/cmn/addtimer,c,text,0x0023ef10,0x0023efa7
real/realcore/cmn/timer,c,text,0x0023efa8,0x0023f08f
real/realcore/cmn/unbtree,c,text,0x0023f090,0x0023f30f
real/realcore/cmn/undxt,c,text,0x0023f310,0x0023f677
sdk/libpad/libpad,c,text,0x00246940,0x002479cf
sdk/libmc/libmc,c,text,0x00250fd8,0x002520b7
gcc/fp-bit,c,text,0x00257da8,0x00258987
real/realmem/memvars,c,data,0x002a33c8,0x002a3407
real/realcore/ps2/crc,asm,data,0x002a3408,0x002a36bf
sdk/libpad/libpad,c,data,0x002a51d8,0x002a521f
sdk/libmc/libmc,c,data,0x002a5d10,0x002a5d23
bx/random,cpp,data,0x002bd788,0x002bd79f
bx/util/huffabout,cpp,data,0x002bd7a0,0x002bd7cf
sdk/libpad/libpad,c,data,0x002bec78,0x002bed77
sdk/libmc/libmc,c,data,0x002bf5d0,0x002bf637
real/realcore/cmn/unbtree,c,sbss,0x002c5bf4,0x002c5c07
sdk/crt0,asm,bss,0x002c5c80,0x002c5cfb
sdk/libpad/libpad,c,bss,0x002d1800,0x002d1eff
